Flow Duration,Fwd Pkt Len Max,Fwd Pkt Len Std,Flow IAT Max,Fwd IAT Tot,Fwd IAT Std,Bwd IAT Tot,RST Flag Cnt,PSH Flag Cnt,ACK Flag Cnt,ECE Flag Cnt,Down/Up Ratio,Init Fwd Win Byts,Init Bwd Win Byts,Fwd Seg Size Min
6453966,744,196.741237,0.005616,6453966,0.001529,463.0,0,1,0,0,0,65535,227,0
8804066,744,203.745545,0.016068,8804066,0.006614,2209.0,0,1,0,0,0,114,227,0
6989341,744,190.831154,0.008108,6989341,0.003036,2273.0,0,1,0,0,0,114,227,0
